Barcode	tSNE_1	tSNE_2
AAACCTGCACCGAAAG	0.559596157236061	25.5158887012084
AAACCTGTCCTCATTA	3.20842864368375	-13.9636556678951
AAACGGGGTACTTAGC	3.45772218498184	1.72412755271856
AAAGATGGTTGCTCCT	-13.4404683154493	-4.46586780675039
AAAGATGTCGTGACAT	10.5244332587337	-9.4204034359593
AAAGCAACATGAAGTA	-13.8527943024367	-3.51032352249274
AAAGTAGCACAAGACG	-0.85951111566503	-18.8838844813708
AAAGTAGGTTGAGTTC	5.21702222695703	8.86713617200658
AAAGTAGTCTGATTCT	10.5434841382241	16.2254685182598
AAAGTAGTCTTAACCT	0.467144814464593	-14.9357165342551
AAATGCCAGCTCTCGG	-0.572442331611918	-9.79555473457891
AAATGCCTCTATCCCG	-1.44889524020471	-17.6537142533523
AACCGCGGTTTGGCGC	-16.0255432195419	1.81129418921213
AACCGCGTCAAACCGT	1.36997623691965	28.0300858467672
AACCGCGTCATGTCTT	23.2882065122305	16.273637768642
AACCGCGTCGTACCGG	-26.6019415106401	-11.2251664646631
AACGTTGAGGACAGAA	-10.1130852089081	-3.41597002807188
AACGTTGGTTTGCATG	-7.12845755307571	11.9276397468161
AACTCAGGTCTGGTCG	5.89588062505304	-8.4655912529832
AACTCAGGTGCCTGTG	6.87667838178969	8.1643239762043
AACTCCCAGAGACTTA	6.1375219144362	-12.5756873899822
AACTCCCAGCTGATAA	11.8514574078121	-10.6085888592689
AACTCCCGTCCTCTTG	0.897472192649066	-15.1810516580339
AACTCTTAGTGACATA	-2.68256027464924	-17.6236382373048
AACTGGTCATCTCCCA	-19.1665503997177	2.08825882015962
AACTTTCAGTAGGCCA	-5.81539240838109	11.9573935635497
AACTTTCGTTGCGTTA	2.89333057822407	27.8203560128926
AAGACCTAGTGTTGAA	10.3453047197991	17.4912874404562
AAGCCGCAGCGCTTAT	8.58183024337092	4.88722856368391
AAGGAGCTCCATGAAC	5.20673704296647	-16.1763317818734
AAGGAGCTCTCGGACG	-3.27193748687984	-3.92334877320876
AAGGCAGGTTGCGTTA	-14.5958715638036	-2.87822025839531
AAGGTTCAGCCTTGAT	6.42059915938591	17.7972650658311
AAGGTTCAGGTGGGTT	-27.1090323965867	-10.7441536554608
AAGGTTCCAGCTGCTG	5.38573629754248	20.0799959403103
AAGTCTGTCCTTGACC	-24.5277081147659	-13.2007206785991
AATCCAGAGAATGTTG	-14.1851335852769	-2.15780937599287
AATCCAGTCAAGAAGT	-1.62996993173603	-15.7749859433541
AATCCAGTCACGCATA	10.8914953606712	16.0502032632981
AATCCAGTCTTGTATC	10.5884531350676	17.1430968275354
AATCGGTTCAGCACAT	8.63102741664622	-13.9737633084474
ACACCAAGTTCCACGG	0.942267259410141	28.5422438234587
ACACCCTGTAAGTAGT	0.596987536834938	-2.36230183288869
ACACCCTGTATATCCG	-2.9008945312035	-0.979460106489505
ACACCGGGTAGTACCT	1.18712695031376	-6.45097755287631
ACACTGAAGCGCCTTG	1.79241296286156	25.3607134309403
ACAGCTAAGGAATCGC	19.9837725076036	16.6098624861751
ACAGCTATCAGGCAAG	1.93767968857208	-13.947336441945
ACAGCTATCCTAAGTG	-1.85815749687104	2.704879895344
ACATACGTCACCATAG	13.7599903642774	-12.6893101469405
ACATACGTCCTAGGGC	-0.282094336502824	28.3660178994787
ACATGGTGTCAGGACA	6.30888875085364	3.47881492188121
ACATGGTTCTTGTTTG	3.48813004272861	20.1796163688329
ACCAGTAAGTGAAGAG	-13.3673074309511	-1.51748813535085
ACCAGTAAGTTGAGTA	0.0828172488822227	-19.3892350343139
ACCAGTATCAACACTG	6.41444240721377	-17.5452180649148
ACCCACTCAAATTGCC	-25.327118007377	-12.7866763844432
ACCGTAAAGTGTACCT	-6.45883327501219	11.1078284925468
ACCGTAACAAAGTGCG	1.12649001753789	-9.78047654879395
ACCGTAAGTACCCAAT	-7.02935482327305	10.7535585068674
ACCGTAAGTCCAAGTT	-0.987596863504494	-17.2454292124739
ACCGTAAGTGATAAGT	10.9366636893236	-13.5499535048976
ACGAGGAAGGTCATCT	-17.5733637355933	1.93266346770724
ACGAGGAGTTCCACAA	11.1990995975888	-10.1814965195534
ACGATACCAATGTTGC	-19.1029350092292	2.46364183121461
ACGATGTTCACCAGGC	2.46413553775856	-16.2487072194708
ACGATGTTCGGAATCT	-0.379962350830123	-18.6446276704547
ACGCCAGGTTCGGCAC	8.22605333815045	5.75927830552764
ACGGAGATCCGAATGT	6.85187792069934	1.78656890737015
ACGGCCAAGTACTTGC	6.03849245035195	6.25990905893006
ACGGCCATCAAGCCTA	-14.7106313783647	1.36434054533496
ACGGCCATCTGGTGTA	-6.90235793347494	-2.7147689910564
ACGGGCTAGCTCCCAG	-2.09951110517717	0.224994965870874
ACGGGTCCAGCTCGCA	4.35167286403969	-17.359460715384
ACGGGTCCAGGACCCT	-7.3564125597958	11.4133016584835
ACGGGTCGTTCCCTTG	-25.023361701753	-13.7888913892624
ACGTCAAAGCTAACTC	-18.8807748099693	0.248407902012996
ACGTCAACAACGCACC	-17.4607686502167	1.10309882856065
ACGTCAATCCTAGGGC	6.14539621641019	-13.9019558134644
ACTGAACGTTCCAACA	9.4006957188468	-8.84770878055818
ACTGAGTTCTACTCAT	-24.0732249100988	-14.1766771682776
ACTGATGAGCTCCCAG	-0.14492786784489	-15.6932420014468
ACTGATGCACGAAAGC	-2.56295960962651	0.0935466956851523
ACTGCTCAGCGTGAAC	1.68395779732469	28.1835304685598
ACTGCTCTCCCATTAT	-2.12214565370512	-1.49658488495027
ACTGTCCAGCCGCCTA	2.29434219742815	29.6476971862685
ACTGTCCAGGAGCGTT	-16.3580812390505	1.29783476599919
ACTTACTTCGTCCAGG	-0.187468125645562	27.9825684356045
ACTTGTTCAATGTAAG	22.6052999758465	16.2178723410404
ACTTGTTCACCTATCC	5.74438863329357	-16.5442739272475
ACTTTCACAAGGACTG	-18.6855794087014	-0.488423603024832
ACTTTCATCCAGATCA	24.2558272390363	15.665973811641
AGACGTTAGCCCTAAT	7.99253376786517	-12.1407553335758
AGACGTTGTCCTCTTG	5.66739296052	-15.2469321286659
AGACGTTTCCCGGATG	7.74204937313103	20.742268992388
AGAGTGGAGGTGCTAG	2.67464522252913	-0.30543409660628
AGATCTGAGGTGCTTT	2.51747785931879	24.8080972385037
AGATCTGGTAACGTTC	-23.7372557142678	-13.0776181903711
AGCAGCCCACGGTAGA	2.07376134181368	25.3166173905579
AGCCTAAAGACCCACC	-25.1473374790034	-12.9441817609591
AGCGTCGCAGCATACT	8.292983290947	4.44962093920969
AGCGTCGCAGCCACCA	-10.9795867546898	0.742770205236124
AGCTCCTCAATGGAAT	-1.02471249704218	-10.9784011658274
AGCTCCTGTAGCTAAA	4.94957035301163	19.3621650561222
AGCTCCTGTCGCGAAA	24.0201892566975	13.6619057137817
AGCTCTCAGGAGTACC	8.77021627432403	-10.446418951584
AGCTTGAGTAGCGTCC	4.80191219091623	20.4839476380222
AGGCCACTCGTTGCCT	-24.7667961702941	-12.3406381299054
AGGGATGCATGCATGT	-24.4646391902461	-13.9408297456413
AGGGTGAAGGTAGCCA	-18.7215943242009	1.40558956345612
AGGGTGATCACAGTAC	-13.9779587735371	-0.507598110641
AGTAGTCAGGCTATCT	7.5311400911445	4.19828098842587
AGTAGTCCATTCCTGC	-0.606263631625722	-19.1276546693381
AGTCTTTAGTTACGGG	1.29762189619237	26.848759977427
AGTGAGGAGATCCCGC	-24.7039163086951	-14.4595367612139
AGTGAGGTCGTAGGAG	-11.2028969541726	-2.94527720435574
AGTGAGGTCTAGCACA	5.18580692812071	-11.0064694414232
AGTGGGATCAGATAAG	-8.47369564776436	-1.72718340252022
AGTGGGATCCCACTTG	2.5242154132846	-7.53458689961625
AGTGTCAAGCTAGTTC	-0.991868104521009	27.8728806359119
AGTGTCAAGGTGTGGT	24.4142108929317	15.0129369397172
AGTGTCATCCCGGATG	-26.0297378631778	-11.3355040000972
AGTTGGTCAAGTTCTG	-1.71326020462515	2.53076170784431
AGTTGGTCACGGTAGA	-26.4606765118955	-11.8893551406186
AGTTGGTCATTCACTT	1.42436508006363	-17.4811736404795
AGTTGGTGTAGAGTGC	7.35273087258208	21.7832594383522
AGTTGGTTCTGTCCGT	-25.2462360582716	-13.7594380502334
ATAACGCAGCTACCGC	6.68620003302565	20.618565890931
ATAACGCCAGCCTTGG	2.8925852222384	-6.3730166742744
ATAAGAGCAGCATACT	-16.4408693578904	0.661971265899806
ATAGACCAGGAGTAGA	3.59188312051134	27.5100911198417
ATAGACCAGTAATCCC	7.71728965855443	-9.38622724969724
ATAGACCAGTGTTAGA	8.12679787861928	-11.9788877843533
ATCACGAAGACTAAGT	-9.86020460552624	-3.50098211344116
ATCACGAAGGTTACCT	8.64361852324538	-16.6266764385091
ATCACGACAAACTGCT	-23.6857417467846	-12.3488466687996
ATCACGACAGTATCTG	-1.86081945931096	1.90273795627788
ATCACGACATTACCTT	7.55288170120038	-7.40480899671032
ATCACGATCTGCCAGG	-10.4098468371886	-7.04373822461423
ATCATGGAGAATAGGG	4.07900745915938	-18.3368716989087
ATCATGGCAAGTCTGT	0.234924546918548	-7.02380504810404
ATCATGGTCAACCAAC	6.22520054303387	18.6718769882649
ATCCACCAGACGCAAC	9.69346059976619	-11.6691209467351
ATCCGAAAGACGCAAC	22.9411390375915	15.6514955350392
ATCGAGTAGTGTCCAT	-0.0263268484336232	25.7539863561056
ATCGAGTGTGTTGAGG	-15.0806261004318	2.18408775653303
ATCTACTCAGCTTCGG	7.61598573638543	5.90947328329802
ATCTACTTCTGCCAGG	24.405786798567	14.743100196349
ATCTGCCAGCCCAGCT	5.26355110767348	-17.8636611376903
ATCTGCCTCAAACCAC	7.43685026787986	-14.3404122182877
ATCTGCCTCGTTTAGG	-5.40299331292082	10.2282707634578
ATGAGGGGTCTCGTTC	-9.10312449700093	-2.26092708134537
ATGGGAGCAAGGGTCA	0.25898957597373	25.8240136627366
ATGGGAGGTACACCGC	0.431001374712497	-9.30362020695911
ATGTGTGTCCATGCTC	-15.2252070000195	-1.47119751828981
ATTACTCAGCGATAGC	-6.66081293589241	12.1500455818621
ATTACTCGTCAATGTC	7.45837189286678	2.45361512250066
ATTACTCTCAAAGACA	-0.456515730777047	24.8121050976011
ATTACTCTCCGTAGGC	23.286573065864	16.08496193017
ATTATCCTCAACCAAC	-2.55959474552688	1.02730767777541
ATTCTACAGTCAATAG	1.21731796228794	25.4541986083365
ATTCTACTCTGATTCT	22.598630313169	14.3707874248114
ATTGGACCAGTATAAG	-22.7793402041993	-15.1150620195713
ATTGGTGAGACTTTCG	-6.13013039623093	11.891666006656
ATTGGTGAGCCTATGT	24.4090927438798	15.7504370848069
ATTTCTGAGCTGCGAA	5.83333831684715	-15.97748629508
ATTTCTGTCCAGATCA	0.330251316140656	-12.3809620353536
CAACTAGCAATGTTGC	8.19707833436903	-0.861126519269821
CAAGATCTCTAACGGT	7.57050095164911	-10.044903787147
CAAGATCTCTACCTGC	7.43784693083189	21.5174176454929
CAAGTTGGTCTGGAGA	-17.9248846060426	1.26896722103649
CAAGTTGTCTCGTATT	13.6105470629588	-12.8575157920286
CACAAACAGTGGAGAA	1.51287051420145	-18.1271578771755
CACACAAAGCGATGAC	4.20898440557186	20.6311463380264
CACACAATCGTCCGTT	22.3956070901369	15.7827222373782
CACACCTCAGCTCCGA	6.91160088441579	-13.1515065383175
CACACTCAGCCATCGC	5.23395903973173	-14.2073684385243
CACACTCTCTCAAACG	-16.58324843068	1.87985615253447
CACAGGCCATGCATGT	8.78226161671849	-12.4721414948124
CACAGGCGTATAAACG	-26.3428115511023	-10.5493237362943
CACAGTAGTGTAAGTA	7.57838280965972	-12.8463076678181
CACATTTAGAAGGCCT	-8.71947137646007	-0.869660891163449
CACATTTCACCAACCG	-19.6506657893993	2.25018428962579
CACATTTCAGATCTGT	7.03274024781605	-16.6561607075481
CACATTTGTACTCAAC	7.79737363025811	6.20764762285225
CACATTTGTAGTACCT	-12.3258351066902	-0.71027703164455
CACATTTTCAGCTTAG	3.99236952562495	-4.31062063243068
CACCACTAGGCCATAG	12.4934603601987	-10.3719682911427
CACCACTTCCATGAAC	4.15309996839769	2.3707799944404
CACCAGGGTGGCAAAC	0.276382733915344	-2.13991528646739
CACCTTGTCCACTGGG	-7.25432596914523	11.1063329221309
CACTCCACAGCTCGCA	20.9085240691943	15.6604562042135
CACTCCACAGGGTTAG	8.23396920367187	-11.6745838298859
CAGAATCAGTAGCGGT	4.25662577181973	21.2420784399099
CAGAATCCATGTCTCC	10.4759913945045	16.6824539760843
CAGAATCTCCACGACG	-1.97626523010843	1.00104986747663
CAGAGAGCATCCGGGT	1.28963988627297	-7.73462441235824
CAGATCAAGTCCATAC	-2.58116857192205	-1.05841244153135
CAGATCATCCCAGGTG	1.30985967169405	-7.81623391310012
CAGCAGCAGAAACGAG	-25.3563787973393	-12.9111236714358
CAGCAGCGTCGGATCC	21.8402146348051	14.9160950336224
CAGCAGCTCTCAAACG	0.130481040136035	-17.5808224708231
CAGCCGACAATCCGAT	5.3352759147389	1.90663491606068
CAGCCGACATCCTTGC	1.68828412450738	-10.3248922889509
CAGCCGAGTCCCTACT	-1.69280712761748	3.47583898007895
CAGCCGAGTTTAGGAA	-18.4030311774094	1.10999626864028
CAGCGACCACATCTTT	6.72258342234272	20.0619983802783
CAGCGACTCATCATTC	-6.539673578176	10.8927613007997
CAGCTAAGTTACGTCA	8.33950800400978	-14.0118834660295
CAGCTGGCAGATGGGT	-26.9356814861228	-11.7084830281191
CAGCTGGGTTAAGAAC	6.78798882880372	5.83752755702283
CAGGTGCCACCAGTTA	1.51453623895029	28.9167752237614
CAGTAACAGACTAGAT	-2.5334670876484	-14.0098499564332
CAGTCCTGTGAGTGAC	-1.66973439812699	2.64080478539698
CATATGGCAGGACCCT	10.7517324509358	16.1441129990253
CATATGGGTACACCGC	23.09643132515	15.5104573510646
CATATTCAGTTAAGTG	-13.3961680569244	-0.45910261627857
CATATTCCACGAGAGT	-15.6587681429302	-1.15331164256448
CATCAAGAGTCATCCA	7.36631059445956	21.1375183197209
CATCAAGCACTTGGAT	-7.79791045561456	-1.30451875548192
CATCAAGTCCTATTCA	10.2338606102668	17.4269185734863
CATCCACGTTCTGAAC	-2.67132815788487	-0.889153625259681
CATCGAACAATGGATA	23.3963902752895	15.1454611926003
CATCGAACACCCTATC	-13.423930694204	0.815734645529611
CATCGGGAGATCCTGT	-16.3025107384171	1.61394672586621
CATGACAAGCCGCCTA	5.38162776705166	24.2317366110819
CATGCCTCAGAGCCAA	2.05404937256289	-10.8891954210303
CATGCCTGTCACTTCC	-1.8671662553359	-13.5757798929214
CATTATCCAGGTCTCG	0.71922485885758	-13.3763802853585
CATTCGCCAAACCCAT	9.43455389840532	-9.38297147933995
CATTCGCGTGACTACT	9.81075989711129	-14.7940295639824
CATTCGCTCGCCTGAG	9.79556784305082	-7.42840054972672
CCAATCCGTCCGTGAC	0.0125848785982272	-12.7416988717101
CCACCTAAGTTGTAGA	-13.247402229176	0.450186020093383
CCACCTATCTCAAGTG	6.60645722930996	-16.928922229155
CCAGCGAGTCCAGTAT	-16.3462033021076	-0.946133206993305
CCATGTCCATTGCGGC	5.49913099711425	-11.2289724320201
CCATTCGGTGTCTGAT	6.05398833644369	5.72589845525334
CCATTCGGTTTAGCTG	1.42235157866378	27.1057203770812
CCCATACTCAACCATG	4.2847233644462	21.1877545468462
CCCATACTCCTTTCGG	-1.2284593025691	2.57785049355501
CCCATACTCTTGACGA	-25.7732539870575	-13.0588179342984
CCCTCCTAGTTGCAGG	6.9395035052136	-8.52711852514034
CCGGGATAGTCCATAC	6.98528922720056	8.07094687238091
CCGGGATTCTCATTCA	-7.23402241779969	10.9555333485442
CCGGTAGCACCCATTC	-23.1914985587772	-12.5328068087867
CCGGTAGCATACTACG	-10.8395036718823	-1.58545892469983
CCGGTAGGTACTCTCC	6.65159750108787	17.2060018569612
CCGTACTGTCTAGAGG	2.35825637689449	28.2254899681809
CCGTGGACAATGGAGC	-17.8120025529745	1.55938017273175
CCGTTCAAGCGTTCCG	13.0595395229309	-10.5306789614333
CCGTTCACAAGTAGTA	-25.9104654661702	-12.5100961043822
CCGTTCACAGGCTGAA	0.236576477631638	-13.5845892819428
CCTACACCATCAGTCA	0.204152847702783	-12.1613916906687
CCTACACTCAGATAAG	-1.56759161327164	-7.96970174797298
CCTAGCTAGCTAACAA	1.76783457653086	-6.50817375377312
CCTATTAAGTAGATGT	-14.068513562728	0.210194053234562
CCTATTAAGTCGATAA	-18.8729304337569	1.33087415722008
CCTTACGCACATGGGA	3.3054580948931	-16.7587362283222
CCTTACGTCTTGAGGT	3.93670890532545	-7.44470206791291
CCTTCGAAGAGGTTAT	-23.1113786016762	-14.2225482624778
CCTTTCTAGACTGTAA	-0.198496132330776	-17.4779947042721
CCTTTCTAGGGTCGAT	3.99226714106299	20.4401571276555
CGACCTTCACATCTTT	6.23822360627653	-9.99387911290243
CGACCTTGTTAAGACA	2.77343918111877	-3.98544541030244
CGACTTCAGGCAAAGA	-3.43587239672197	-13.6406959812493
CGACTTCGTAATCGTC	5.52790409132912	-10.8914497496487
CGACTTCGTCCGTGAC	-26.5884558446138	-11.8266692814238
CGAGCACGTCGAAAGC	1.35134946389128	-7.02031007453562
CGAGCCACATGCAATC	7.76828400022288	3.9846474556169
CGAGCCAGTCTCTCTG	3.17233856598071	-12.7885165476704
CGATGGCGTAGAAGGA	-15.8658593389988	0.497779739079215
CGATGGCGTCCGTGAC	4.68947904707386	20.544430875823
CGATGGCGTGTTGAGG	-24.3318252590008	-14.5398132715343
CGATGTACATCCGTGG	2.86694556066703	-8.75080493419492
CGATGTATCAGTACGT	0.0455187234258173	-11.7222108715505
CGCCAAGAGTTGTCGT	1.29197091082791	-16.1175401367029
CGCCAAGCACGTGAGA	6.50530160668135	18.5322126610811
CGCGGTAAGTCTCAAC	23.9930980101298	14.6569949337537
CGCGGTACATCATCCC	4.27067468487836	-14.028152762739
CGCGGTAGTGAACCTT	-6.7827176768503	10.949609276496
CGCGGTATCCGTTGCT	-10.4204218403259	-7.05825705619668
CGCGTTTAGAAGGACA	-3.30755857617957	-3.96170095681019
CGCGTTTGTAACGTTC	4.70440174834794	-20.1844278556498
CGCTATCGTGAGTGAC	-5.9268075406746	11.7572916330391
CGCTATCTCTGCTGTC	13.7081524396886	-11.7320494345901
CGCTGGATCTGCTGCT	23.3049191258137	14.778546281263
CGCTTCAAGACTACAA	2.84428875183989	-12.351256030824
CGGACACTCAACCATG	7.41971723994183	20.3765184248895
CGGACGTGTTGCGTTA	11.4919866299118	-12.3533779317749
CGGAGCTAGGCATGGT	-8.13994216400526	-1.83632959796306
CGGAGCTCAGCTGCTG	2.28612472867068	26.2256497415141
CGGAGTCAGACGCACA	11.8946094692077	-8.10648170325228
CGGAGTCTCCATGAGT	3.00583701099803	-10.4554465396696
CGGCTAGAGAAACGCC	1.81965276784277	-12.2152510013178
CGGCTAGTCCTGTAGA	-23.4476611325788	-13.6278078457003
CGGGTCAAGGCGATAC	-18.7880439901387	1.15616232050858
CGGTTAAGTCTTTCAT	5.83882308840978	21.3127377153276
CGGTTAAGTTGGTGGA	6.39086845633418	-13.3911024326605
CGGTTAATCAGCTGGC	-26.1537196629213	-9.90138753284319
CGTCACTCACAGATTC	8.83079095323568	7.48481551532261
CGTCAGGCAGGCAGTA	-26.063247460107	-11.0184119405416
CGTCAGGTCAAACGGG	4.98747648498715	3.09758198444639
CGTCCATAGGTAGCCA	-2.06775503963252	0.885227484672124
CGTCCATTCAGCAACT	-9.8514295022565	-1.6928628888073
CGTCTACGTATTACCG	5.35262670588767	-11.8045167134327
CGTCTACGTCACCCAG	3.23752336744301	-6.14869454551126
CGTCTACTCCGCGGTA	23.6936104610831	15.6888205865531
CGTGTCTAGGAGTTGC	-24.9459646421509	-13.5596937473954
CGTGTCTAGGGCACTA	6.62888572951723	8.12021890717333
CGTTAGAAGCTGAAAT	7.05064688334562	2.72110124990629
CGTTCTGAGTGGTAGC	10.7720119719747	-11.6583707861148
CGTTGGGAGTACTTGC	7.19605510116995	3.38937253145346
CGTTGGGCAAGCGATG	4.63498675413332	-17.9854506334337
CTAACTTGTAGGAGTC	0.035503465170305	-6.83553829865765
CTAACTTTCCCAAGAT	-6.17290263433139	10.6351484573423
CTAAGACAGATCCCGC	-0.294090292699994	-11.1308161725027
CTAAGACTCCGAACGC	23.4876336445294	15.2774263827425
CTAAGACTCCGCGGTA	4.58860663639	19.4322756060983
CTACACCAGGAGTAGA	-1.40524182099021	-20.6491764644156
CTACACCAGTGGGCTA	-1.50377893413252	2.47370744115222
CTACATTAGGCACATG	-0.107122499058309	-6.72804241854287
CTACGTCAGAAGGACA	3.95894928922421	-19.7561679048431
CTAGAGTCACAACGCC	-25.1790626801067	-12.613444107197
CTAGAGTGTTGCTCCT	-23.8751042869492	-14.5886630058116
CTAGTGACAATCGGTT	4.24666568841844	-9.03992199239535
CTAGTGAGTCTCCACT	3.25316619806759	28.6984975572213
CTCACACGTAACGACG	-17.8667144824932	1.87079759867225
CTCACACGTCGACTGC	3.82097459285419	-14.1927548637123
CTCAGAATCATGTCTT	1.48058915314882	-12.1927426957674
CTCAGAATCGACCAGC	3.8457307912997	0.089763947039686
CTCAGAATCGAGAACG	-0.419857711269005	27.8317848634938
CTCAGAATCTTGGGTA	23.6543337260264	14.432413999049
CTCATTAAGAAACCAT	-23.7543032001657	-14.6517766987173
CTCATTATCCTCGCAT	4.84331532777723	-19.9551794737496
CTCCTAGTCAACACGT	3.1192230819704	19.659406699324
CTCCTAGTCTCAAGTG	7.91861816089017	-17.7670502057461
CTCGAAAGTTGCTCCT	-16.312993339567	0.781757713677878
CTCGAGGAGCTGCGAA	24.5621967319679	14.950768912985
CTCGAGGTCCAAGCCG	3.45010121018218	-9.71225274287342
CTCGTCAGTTCAGCGC	6.90327925874386	20.7625732886264
CTCTAATCAACGATCT	1.61878059847386	-14.1591492967465
CTCTAATCATCGTCGG	8.68020952652677	6.25760462026752
CTGAAGTGTGCGCTTG	6.38437775252875	3.25001012286569
CTGATAGAGAGATGAG	8.2133663296904	-0.800608322600045
CTGATAGCACCTCGTT	4.15853722377532	-7.13507144162124
CTGATAGGTTATCACG	-3.90976494252845	-7.00885853728308
CTGCCTATCTATCCTA	-12.6039919903673	0.061085130417414
CTGCGGACATGGTAGG	-0.862621425372641	-19.191865105695
CTGCGGAGTTCACGGC	4.40093934477468	19.9549692201881
CTGCTGTTCAAGGTAA	0.159853100150689	28.7561393326371
CTGGTCTCACAGGTTT	-2.05335560675145	-15.6495402248326
CTGGTCTGTATAAACG	-9.73325926498999	-0.989949473811733
CTGGTCTTCAACACGT	1.19656315133804	28.4793783050509
CTGGTCTTCAAGCCTA	10.2708224960644	17.0872906989053
CTGTGCTAGATGCCAG	2.68667646542156	28.8751305800721
CTGTTTAAGGAATGGA	-14.4012199562856	-1.17271235843262
CTGTTTACATCCTAGA	-1.22681336762785	-7.80068158861379
CTGTTTATCCGCATAA	7.43040185288333	2.57782926768951
CTGTTTATCTTGTACT	1.79338233793044	28.8801674493086
CTTAACTGTGACTACT	3.67946825918574	-16.1717589034221
CTTCTCTCAAGTCTAC	1.26981041318503	-14.7706038531507
CTTCTCTGTTCCGGCA	7.24790890714071	4.97150389892398
CTTCTCTTCGTTTAGG	4.91922336029401	20.5901727694054
CTTGGCTAGGTGATTA	-25.3693397682674	-10.2880130640821
CTTGGCTGTCGATTGT	-7.071738767691	-1.14259145284953
CTTTGCGAGACTGGGT	-25.1922236340877	-10.7060001749909
CTTTGCGCAAGCGATG	-0.334259157752267	27.411782165426
CTTTGCGCAGCTCGCA	7.85389675192814	-9.29719330439106
CTTTGCGTCGGCGCTA	-14.2893399198375	-3.42011815802682
GAAACTCGTCTTGCGG	-3.23636690214283	-16.1252791042639
GAAACTCTCTCAAACG	7.06430313531687	4.60912495312707
GAAATGAGTCAAACTC	2.12071628434165	27.9026162656183
GAACATCAGTTTAGGA	-1.38308767693696	2.94060066469684
GAACATCCAATGACCT	1.86201411407619	28.8953267245073
GAACGGAAGAATTGTG	-2.06557325040666	-15.1456545857387
GAACGGAAGCCAGAAC	3.91333576563461	-9.10562607124982
GAAGCAGAGAAGGGTA	4.00780287369158	-13.3348135720841
GAATAAGCAACTTGAC	12.9664735591231	-14.1592243671153
GAATAAGTCAACACGT	-26.2306772491477	-12.7809131224422
GAATGAACACGGATAG	1.92558497332526	-16.3962423071645
GAATGAAGTAGCCTCG	8.44031027399165	-0.648161487549667
GACACGCTCCAAATGC	8.7184873949377	4.74410754325623
GACAGAGAGACAGGCT	-7.864897308273	10.7297414875509
GACAGAGTCCGCTGTT	-11.7305669516723	-0.919428036209271
GACCAATGTCTGGTCG	4.97123255204065	-13.0123312650652
GACCAATTCGTTGACA	-12.5009543528391	-1.14727907554864
GACCTGGTCCAAGTAC	20.6869354579348	15.3161699600456
GACGCGTCACCCAGTG	8.25076823088542	18.9739559228037
GACGGCTGTACATGTC	6.69401133233809	-9.54374890794828
GACGTGCGTCTAAACC	9.87331856817194	-15.150792973465
GACGTTATCGCCTGAG	-14.3001181448872	-1.25955279884337
GACTAACAGGACTGGT	-16.889597998253	-0.210123451040041
GACTAACTCTCGCATC	-16.0841046565431	-0.0290488328413686
GACTACAAGCCACGCT	-12.9839675360257	-3.09780873193498
GACTACACAAGGGTCA	7.99716522325659	20.2185367432563
GACTACACAGTCTTCC	4.63766633488667	23.5852502127701
GACTACAGTAACGCGA	9.73933043257126	-11.820939337991
GACTACAGTAGCTAAA	8.39485401268491	-16.3013002093168
GACTGCGGTACTCTCC	-1.70629135605399	-14.6253624334068
GAGGTGAAGCGTAATA	-8.31262794691525	-1.52336514552127
GAGGTGACAAGCCTAT	2.23556433304708	-14.3877066482805
GAGGTGATCAGTGCAT	6.00312643271776	2.17213154053447
GAGTCCGAGTAGATGT	13.5911418512018	-13.2122647760637
GAGTCCGTCGATCCCT	6.72990886918058	3.40407292050598
GATCTAGCAAAGCAAT	2.56698039899134	-6.59136046166092
GATCTAGCAGGATCGA	13.4356372536839	-12.7955454933961
GATGAGGGTTTGGCGC	10.1200859681042	-9.32435005535792
GATGAGGTCCGCATCT	4.86499882594592	-7.58370304135103
GATGAGGTCGCAAACT	-3.31072607739071	-3.97728462722361
GATGCTATCCTCAACC	22.7664290767172	16.4834499085574
GATTCAGCAAATCCGT	6.63671564902818	17.2485465043367
GATTCAGGTATAGGGC	-19.1798777777042	1.99759990937494
GCAAACTCATGCATGT	8.56052172654503	-10.9393591543943
GCAAACTGTACAGTTC	-0.801096956251362	27.6969198668132
GCAAACTTCACATGCA	6.71474836694716	2.4279308889835
GCAATCATCTTGTATC	-11.3355818148414	-2.28212102362141
GCACATACAGCCTATA	-1.08840551517759	-18.4890252966003
GCACATATCCACGACG	1.77294995138356	27.0549633125488
GCAGCCAAGTTTCCTT	22.2747913841653	15.804149007178
GCAGCCATCAACTCTT	4.90559935146613	-10.7318614396177
GCAGTTAGTGGGTCAA	-6.14901259066637	11.4915712846006
GCAGTTATCGCCCTTA	5.95420217827718	1.90551235802865
GCATACAAGGGATCTG	-1.41832993600991	-12.203185887266
GCATACACATGGTTGT	22.6699834258759	14.5294756085324
GCATGCGAGAACTGTA	-17.2589857102225	-0.146464752391094
GCATGCGAGTATGACA	-0.112627624592879	-7.96526435329918
GCATGCGCAGCCACCA	1.04728620869889	27.4302313049644
GCATGCGGTTTGACAC	-22.8399176413882	-15.0542762554787
GCCAAATCAGTAAGAT	1.10551026325729	-19.6509989197564
GCCTCTAAGAGATGAG	8.51887921824345	3.75410350637638
GCCTCTAGTCCCTACT	-2.31632980139153	-13.5454016687285
GCCTCTAGTGTGACGA	-15.0340908677859	1.50212153751612
GCGACCATCGCGATCG	-26.6922265621689	-14.3970041032498
GCGCAACTCTTACCGC	-22.8840510064357	-15.1018903417619
GCGCAGTAGGGTTCCC	-11.7915836018323	0.404728097102979
GCGCAGTGTCGAACAG	7.84321187438408	19.7981774885427
GCGCCAAAGTGTGAAT	-7.573684936524	-1.84501286091208
GCGCGATAGACAAGCC	2.30110915980588	-16.4253933413149
GCGCGATCAGCCAATT	12.2274787383374	-12.6980702711965
GCGCGATTCAAGAAGT	4.82021458277026	22.4258621919922
GCGGGTTCATCGTCGG	7.73869215854425	-15.2596913342414
GCTCCTAAGTACGATA	-6.30765680078721	-1.12147329361748
GCTCCTATCCAATGGT	-2.03805617252556	-16.0873777229589
GCTGCAGGTGGCTCCA	3.65777421765339	1.39868964392185
GCTGCTTTCGGAATCT	-26.0563045045658	-11.2275149617001
GCTGGGTAGGTGTTAA	-13.4697338052055	0.852409617868269
GCTGGGTCACCGCTAG	23.2475023177058	14.7638588611898
GCTGGGTTCTATCGCC	7.83774705510548	5.29896661944283
GCTTCCAGTCATGCCG	-0.540205951809045	25.6388663600164
GCTTGAAAGTTATCGC	22.6744980957531	15.159234029585
GCTTGAACACACCGCA	1.92561968716457	29.7099450067592
GGAAAGCGTTGCCTCT	-0.340390812230781	-15.7568287349925
GGAAAGCTCCTAGAAC	-3.40893907380798	1.80603972307937
GGAACTTCACACCGAC	-0.677486455293188	-12.7828429309442
GGAACTTGTTAGGGTG	9.09889854814556	-15.3075144117679
GGAATAATCACAGTAC	-24.8250087836389	-10.6299984600382
GGACAAGAGTGGGTTG	-0.808926857275467	25.6530592821994
GGACAAGCAATGTTGC	-5.78760379921444	10.4633863266694
GGACAAGTCAACGGCC	6.73612189401296	4.32539834439777
GGACGTCCACGAAGCA	-3.43863012380544	-15.9931205174407
GGACGTCCATTGGCGC	-10.0477873009686	-3.18200445863769
GGATTACAGGTCATCT	3.53138330873675	19.8517329122574
GGATTACGTGTTTGTG	1.01569641245125	-13.9998456258408
GGATTACGTTCCACTC	10.0189974729056	-8.75730073172724
GGCCGATAGCAGCCTC	1.82054920837437	-14.6990602944425
GGCGACTTCTCTTGAT	24.0733571383272	13.9880519357165
GGCGTGTAGAGGTTAT	3.79838443332815	-0.297512238394085
GGCGTGTCAATGGATA	-17.9857901327279	0.762062763731969
GGCGTGTGTCGCGGTT	5.78919743782294	3.26855104119684
GGGAATGCAAAGGCGT	0.0785914349808528	-13.7156780507317
GGGAATGTCTTATCTG	7.66508233330687	-8.30109329301355
GGGACCTCAATCAGAA	-11.912402144547	0.13972432998907
GGGACCTTCACGCGGT	-14.660213819815	1.26940492179566
GGGAGATAGGCTAGGT	-25.6820941291551	-14.063881318786
GGGATGAAGCTCAACT	11.0831507879914	15.7925369668435
GGGCATCCAGACTCGC	7.61169710395114	4.07648635337123
GGGCATCTCGACGGAA	-2.026171466048	0.563881366062747
GGGTCTGGTCTTTCAT	-1.06032558677441	-1.97715049056614
GGGTTGCAGTGACTCT	5.20076636534145	-9.38548225031217
GGGTTGCCATCCTAGA	0.0244547560218221	30.1305914212327
GGGTTGCTCAAGCCTA	2.06716429299823	-1.33959430445035
GGTATTGAGCAGGCTA	0.87714436803316	-10.7037945603431
GGTATTGCAAGTCTGT	5.43748568499585	24.4053748496451
GGTGAAGCAAGTAATG	2.38744227524061	-9.53304980268859
GGTGCGTGTTGAACTC	-0.60301375303203	-6.91883969230695
GGTGTTAAGTACCGGA	0.968956417840553	-16.799241981043
GTAACGTGTTACCAGT	7.55935212071778	-7.06339489300532
GTAACTGGTCATATGC	1.85210116797139	29.9094794482126
GTAACTGTCTACTTAC	22.1423812298472	17.0384572233321
GTAACTGTCTATCCTA	0.64719798940067	-17.4054973758194
GTACGTACATGGGAAC	-25.584556049924	-11.68657581341
GTACGTATCTCAACTT	6.75637447318832	-13.6238794101492
GTACGTATCTGGTATG	2.96253868320566	27.2299611368611
GTACTCCAGCACACAG	7.59044920571977	6.68598153263477
GTACTTTTCAAGATCC	6.82914889356686	-17.9594145986486
GTAGGCCAGATGTGTA	24.6819787064927	13.3710066047535
GTAGGCCCAGCATGAG	10.3669102698369	-12.9630945134726
GTAGGCCCATTGGTAC	22.0030513454739	15.0380194548542
GTAGGCCGTATGCTTG	-1.71235295175344	3.65462706147262
GTAGGCCTCAAGATCC	6.97761161912238	-17.5817033804465
GTAGGCCTCATCATTC	0.140386533465396	29.9380482942904
GTATCTTGTAGCACGA	-3.050598022761	-17.5626867315321
GTATCTTTCAACGAAA	-1.78596018968257	-2.01147757098723
GTATCTTTCCACGACG	-13.5839605756075	-3.42475890051976
GTCAAGTAGCGGATCA	2.81819722650979	-9.67194462602953
GTCATTTCACTCGACG	3.93368932205515	19.5291204749639
GTCCTCAGTTCTGAAC	9.80255742119994	17.6046006571848
GTCCTCATCGACAGCC	10.6482277512918	-11.0669503347975
GTCCTCATCGAGAGCA	7.54029160769751	21.6065004430224
GTCGGGTAGTTTAGGA	-26.5382374322406	-14.2080977346081
GTCGTAACACATCTTT	4.10000835499345	-11.6824776767503
GTCGTAATCGAGAGCA	3.9721016628113	29.1391596888222
GTCTTCGAGAAGGACA	-11.6829017871153	-1.22030440494869
GTCTTCGAGGTGTTAA	-13.6106165615784	-4.28049122043473
GTCTTCGCAAGTTGTC	-2.41004664320968	-1.12925906147097
GTGCAGCGTCTCTTAT	5.24472279592761	-12.0705710692988
GTGCATACAAGTAATG	1.81942293513109	25.6669800428499
GTGCTTCCAGATCTGT	5.42514521892659	-13.7269068208613
GTGGGTCAGAGTGAGA	9.80910245918781	-14.6887905981252
GTGGGTCAGGGTGTGT	0.637312459976968	-5.83781718606016
GTGGGTCTCTCCTATA	6.66845348745304	3.42850720639079
GTGTTAGAGATTACCC	23.6762907377767	15.9913301713729
GTTACAGAGTGTTAGA	8.76489309935257	-10.6728001731582
GTTACAGGTCTCCCTA	10.9964940735349	-8.96446634376855
GTTCATTGTGAGGGAG	-18.1262802414673	2.09969258268677
GTTCGGGAGAAGCCCA	22.760783040446	14.7323590177964
GTTCGGGAGATACACA	-1.61066250541956	-12.0541993993479
GTTCGGGAGGTAGCTG	2.63046195083044	25.1557670382797
GTTCGGGGTATAATGG	12.4158863937311	-11.5574602799415
GTTCGGGTCCTACAGA	1.6250177789691	-18.3495227845002
GTTTCTAGTCACTGGC	1.85757825125668	27.9754183116389
TAAACCGAGTCCTCCT	-6.8523358115025	11.9528557436855
TAAACCGCAGCAGTTT	-0.652658174028437	-14.7644479497286
TAAACCGTCCGCAAGC	-2.00163482225153	1.29281387707348
TAAGCGTAGCCACCTG	-12.4923987226575	-7.53064669384329
TAAGCGTGTTCATGGT	-1.73686266480612	25.2408065344803
TAAGCGTTCAGTTAGC	23.3026536166865	14.6282492161018
TACACGACACTACAGT	-23.9626615377197	-14.362991838659
TACACGACAGATCGGA	-12.020826760688	-0.233089141616683
TACCTATAGGAACTGC	3.2886122259773	19.8490490166217
TACCTATGTCGATTGT	24.4303556627712	14.3424217437633
TACCTATGTTTGTGTG	9.90337332151967	-12.4274705599811
TACCTTAGTCCAACTA	5.26863032074413	7.9545883825125
TACCTTATCGCTTGTC	-7.25683296322738	-2.6270882616044
TACGGATCACATCCAA	-0.319822021317068	-16.7372542820786
TACGGTATCGCCAGCA	4.04917204927037	-4.96110744732354
TACTCATAGCGTGAAC	-14.3098665382368	1.3447645925089
TACTCGCCAAACTGTC	6.34303817798542	-11.5228002215616
TACTCGCGTATGGTTC	1.16703322789557	-18.7454481109045
TACTTACAGGTTCCTA	-22.3044822206043	-15.456752119013
TACTTGTAGACGCACA	6.19562685074926	-6.52713288442956
TACTTGTGTAAACACA	1.99319260038783	-8.41562657945716
TAGACCATCTCCAACC	21.2167033850382	15.973760833386
TAGCCGGAGCGATGAC	4.39156237905952	-9.77676117183064
TAGCCGGAGGTAAACT	3.99013557816152	-4.15090991771561
TAGTGGTTCGGAGGTA	-7.14110051139444	11.6913794245412
TAGTTGGGTAAGTAGT	3.74752703047619	-10.3886475033718
TATCAGGCACGAAGCA	-14.688635615562	0.847112176513118
TATCAGGCATCGGACC	9.03959377418943	7.50792635149535
TATCAGGTCCGCAGTG	-14.118750471903	-2.58595293730913
TATCTCACATAACCTG	-22.8693072700253	-15.0751102016889
TATCTCAGTCTCTTAT	10.8679881654065	-16.7613105931988
TATGCCCCATGTCGAT	-12.5252216885887	-7.54437243310084
TATTACCAGGACAGAA	-0.21318763265945	-16.8764022189434
TATTACCCACCCATTC	1.05085002993875	-9.65514800712444
TATTACCGTCGCATCG	-25.068750969195	-10.2334420615203
TATTACCTCATACGGT	4.8424890351754	22.8317081906037
TATTACCTCCGCGCAA	2.72064856846828	-3.86547632259139
TCAACGATCCTCCTAG	-15.9714279572206	0.223741950750276
TCAATCTCACCTGGTG	12.9910604209528	-10.8121625364696
TCAATCTTCAACACGT	-19.6269775023742	2.06021598764701
TCACAAGCACGGTTTA	0.909365835374324	23.6453819842606
TCACGAAAGACCCACC	6.6001613378198	3.60414062425876
TCAGCAATCTAAGCCA	3.26587805131733	-12.9401366248191
TCAGGTACATCGGGTC	-23.7978269218463	-12.8969979318222
TCATTACAGAATGTGT	6.46817736426309	4.4892966010611
TCATTACCAGCGTAAG	24.5853937782702	14.0127882256725
TCATTACTCAATCTCT	2.15357650934667	-14.010857586256
TCATTTGCAGTTTACG	6.99741442700898	19.5904120583449
TCCACACAGTACGATA	-25.3477699648388	-11.3767469439906
TCCACACCATTGGCGC	3.62041210199058	29.4999625707616
TCCACACTCTAACGGT	8.13188208022439	-13.0468864938704
TCCCGATAGCCCGAAA	8.98455899943193	-15.8800392090238
TCCCGATAGTTTCCTT	7.88923737102251	-10.5662974674475
TCGAGGCCAATCCGAT	10.2543997688265	-16.2446514448811
TCGCGAGGTTACTGAC	-12.8280807542251	-2.06846735736309
TCGCGTTAGATCCTGT	9.08683949751975	-16.7155025467214
TCGCGTTCAACACCTA	-0.923964273000511	25.9000220947974
TCGCGTTCATTCGACA	-1.95177340112642	1.26268510104571
TCGGGACGTCCCTACT	2.73909171780294	-18.3524548112977
TCGGGACTCTTTAGGG	22.4618052152875	16.2965712892346
TCGGTAACAACAACCT	3.3808848752503	22.1284011607942
TCGGTAACACGGCTAC	7.9294417886113	6.13839194534175
TCGTAGACAAGTAATG	10.2164385034064	-15.5268834156298
TCGTAGAGTAAAGTCA	-25.6953383754787	-10.4037829597365
TCTATTGTCCACGTGG	1.97852952234258	29.7153888406511
TCTCATAAGGCACATG	23.9264525548639	13.9570310843673
TCTCATACACGGACAA	7.40334276564261	4.07231899678155
TCTCATATCCCATTAT	2.23118787009356	27.3909629514327
TCTCATATCGCCTGAG	7.24281613603672	20.8199664853523
TCTCTAATCGCGCCAA	2.22929564371173	-1.10678406947597
TCTGAGAAGTCGTTTG	5.37336340395394	8.52790522003288
TCTGAGAGTCGACTAT	-11.312951536204	-1.3824193589505
TCTGAGATCTCGAGTA	-15.0812844340575	-0.718931992793153
TCTGGAAAGACTAGAT	9.65723871563154	17.5038561545774
TCTGGAACACTTAAGC	4.15243263011978	27.238586371627
TCTGGAACAGGGCATA	-0.604233758064981	27.5849254624255
TCTTCGGTCGCCCTTA	6.12415004402557	-16.9283478057315
TCTTTCCCAAATTGCC	2.53362672392589	-11.7412664536725
TCTTTCCCAGGCAGTA	3.87371030687863	0.647106818668541
TGAAAGAGTTTACTCT	6.71303214478812	-15.3256128505402
TGAAAGATCACTTCAT	0.520692381966873	-2.10523150413366
TGACTAGCAATGAAAC	-15.0232463621917	-0.966520137560956
TGACTAGCACGTGAGA	5.9334424178362	20.7804981689086
TGACTAGGTCAACTGT	11.0584064952895	-10.3010391101367
TGAGAGGTCCGAGCCA	9.12382464452419	6.16186732837381
TGAGAGGTCTCCCTGA	4.34069413358118	-7.21986095543783
TGAGCCGAGCGCCTCA	3.66433621973263	-15.4210143406153
TGAGCCGCATGGTAGG	8.21512728477423	-12.3107427528647
TGAGGGAAGTGGGATC	5.20038542145828	18.8816630565372
TGATTTCGTAAGGGCT	-12.8248293137077	-1.22763373339739
TGATTTCGTATGAAAC	-17.8830071373527	2.1631484112096
TGCACCTCATCACGAT	3.88070901464413	20.0163560739889
TGCACCTGTTTGACTG	2.12843547755471	-7.06862429345827
TGCACCTTCTCCCTGA	-2.40982850241695	0.4780090428018
TGCCAAACAAACAACA	1.2117157941845	-10.8205725247741
TGCCAAAGTTCCATGA	8.63033641444524	7.21835944813199
TGCCAAATCATCGATG	7.49149566024424	5.92957894138101
TGCCCTAGTCTGCAAT	10.0283531047507	-13.1853979436387
TGCGCAGCAGATAATG	-14.4138771594459	-0.656171382158838
TGCGCAGCAGTAAGAT	-15.7672698615148	1.48458700915791
TGCGCAGCAGTTCATG	-2.14704677920766	0.518663236277637
TGCGCAGGTCGCGAAA	1.49109963574559	27.3454610717741
TGCGGGTGTGGCGAAT	-9.98901386491722	-1.29675683202869
TGCGGGTTCATCGCTC	7.27919288362293	-9.85690831450705
TGCTACCAGGGCACTA	-3.23812940780739	-1.19083351724255
TGCTACCGTCCGCTGA	10.2177294619918	-16.4092930406385
TGCTGCTCAACGATCT	7.43576071472076	-16.3581627855683
TGCTGCTCAGCCTTGG	0.439521064307143	-8.69467790463927
TGCTGCTTCATATCGG	1.52927426934194	27.9494015989882
TGCTGCTTCCCAGGTG	-25.9583927258913	-12.3075943923773
TGGACGCGTAACGCGA	3.33568110640869	-10.7131960062995
TGGCGCAGTTCAGGCC	1.12582956478857	-11.5976280011644
TGGCGCATCCCTAACC	2.50806902372647	-18.4136083728773
TGGCGCATCGCCCTTA	2.19642879263779	29.3178574383372
TGGGCGTAGAACTGTA	-12.5227020677872	-7.54012433177883
TGGTTAGGTCTTGCGG	3.80930753778473	-1.46878868362879
TGGTTAGGTTGATTGC	13.4888055092134	-12.7607449076234
TGGTTCCGTGACCAAG	-0.00624243150785193	-14.1576956604378
TGTCCCAGTCAATACC	2.39282055907298	-10.9413376986208
TGTTCCGCATTCACTT	7.79467036324334	20.6505413166927
TGTTCCGTCTTTCCTC	3.15699478547023	24.1083222951366
TTAACTCAGCAGATCG	5.75735401050654	-16.4897588539126
TTAACTCGTCCGTGAC	-6.40530017822744	11.4738260830309
TTAGGCATCCGTTGTC	6.32470378792851	4.67647274307065
TTAGGCATCGCATGAT	-8.09616747400313	-1.18232843648726
TTATGCTAGATAGCAT	-1.76011186112888	-14.3433897038715
TTATGCTCATAGGATA	-6.82833545295403	11.8672598367633
TTATGCTTCAGGCCCA	-5.68216551273185	9.81962757374993
TTCCCAGAGCAATATG	1.91747013060636	-12.6265326162036
TTCCCAGTCCACGAAT	0.882087359237228	-18.7969081574314
TTCGAAGTCGCTGATA	-11.9398820676924	0.195100756794002
TTCGGTCAGTATCGAA	7.15138599530174	20.4356823728793
TTCGGTCCAAGCTGTT	0.804515927236509	-17.9464615340738
TTCGGTCCAATGGAAT	12.1277044250826	-13.0399536988938
TTCGGTCGTCCCTTGT	-6.27888203908319	10.9501582872905
TTCTCAAAGATGTGGC	0.698051513921443	-13.3041614568648
TTCTCAACATGGTTGT	-12.5373938923319	-7.52420017352397
TTCTCCTTCCAGTATG	11.6030936802548	-11.7217699772343
TTGCCGTCACATTCGA	8.10846178572566	-9.25334788123475
TTGGAACCACTTAAGC	1.29067358347927	29.6252294949853
TTGGCAACAGTCCTTC	-11.1878718171151	-1.61827354177128
TTGGCAAGTAGCACGA	2.77483913555997	-15.4311671327455
TTGTAGGGTCGCGGTT	-25.5261235006086	-10.7999329653928
TTTATGCCACGCCAGT	-12.7547401418813	-0.258324580384003
TTTATGCCATTCCTCG	12.0599851003106	-11.206881045588
TTTATGCGTTATCGGT	5.23899105590948	18.4264540456792
TTTATGCTCCGCGGTA	3.68972946138912	0.672734628035394
TTTATGCTCCTTGCCA	6.40305047803254	3.07736460073251
TTTCCTCAGAATTGTG	6.38149709427882	19.6290047497247
TTTCCTCGTATGCTTG	0.683805676108539	-12.075204853092
TTTCCTCGTCAAACTC	4.14830655873006	21.5679975633944
TTTGCGCCACCGCTAG	7.83914672602087	2.59529214568918
TTTGCGCCATTAGCCA	0.953935327898824	-6.32655361779333
TTTGGTTCAATGACCT	10.9472015925278	-13.9230870608969
TTTGGTTCACGCCAGT	-5.7571348257962	10.1018369964694
TTTGTCACAATCGGTT	6.31949327348221	-15.1157394654627
